Rank,Champion,Role,Win Percent,Play Percent,Ban Rate,Playerbase Avg. Games,Kills,Deaths,Assists,Largest Killing Spree,Damage Dealt,Damage Taken,Total Healing,Minions Killed,Enemy Jungle CS,Team Jungle CS,Gold Earned,Role Position,Position Change
,,,,,,,,,,,,,,,,,,,
1,Aatrox,Jungle,49.18%,0.48%,0.19%,6.3,6.53,6.17,6.15,8,15621,33525,16566,53.8,8.55,71.29,11706,31,4
,,,,,,,,,,,,,,,,,,,
2,Aatrox,Top,48.02%,1.05%,0.19%,5.3,5.94,6.3,5.04,8,17673,29329,10152,168.2,3.79,5.4,11580,47,5
,,,,,,,,,,,,,,,,,,,
3,Ahri,Middle,52.24%,5.93%,0.31%,7.55,6.42,5.6,7.52,10,20087,18836,3784,165.5,1.11,5.12,11451,16,4
,,,,,,,,,,,,,,,,,,,
4,Akali,Middle,49.73%,1.50%,0.34%,7.93,9.12,6.99,5.35,11,18797,26207,9920,134.9,2.44,4.62,11497,38,1
,,,,,,,,,,,,,,,,,,,
5,Akali,Top,50.33%,2.08%,0.34%,8.23,7.62,6.36,4.87,9,18430,26280,10183,154.6,2.48,3.61,11472,39,1
,,,,,,,,,,,,,,,,,,,
6,Alistar,Support,52.51%,6.88%,0.45%,4.62,2.27,5.44,13.55,5,8416,24086,9154,39,0.1,0.12,8900,14,3
,,,,,,,,,,,,,,,,,,,
7,Amumu,Jungle,50.94%,1.89%,0.04%,3.46,4.64,5.45,10.13,8,13397,29199,6802,41.4,5.88,69.85,10812,32,3
,,,,,,,,,,,,,,,,,,,
8,Anivia,Middle,53.00%,2.30%,0.15%,8.01,5.87,4.62,7.42,7,19275,24361,9474,176.6,2.55,11.07,11766,9,2
,,,,,,,,,,,,,,,,,,,
9,Annie,Middle,51.81%,2.10%,0.16%,4.75,6.94,6.5,7.06,10,20404,17767,1834,148.6,1.05,4.18,11237,30,2
,,,,,,,,,,,,,,,,,,,
10,Annie,Support,47.02%,0.94%,0.16%,5.94,4.92,7.52,9.94,8,16787,17013,1319,37,0.49,1.13,10346,31,1
,,,,,,,,,,,,,,,,,,,
11,Ashe,ADC,49.60%,6.76%,0.05%,5.22,6.35,6.51,8.61,11,18737,17614,2874,180.5,1.98,7.61,12388,17,1
,,,,,,,,,,,,,,,,,,,
12,Aurelion Sol,Jungle,52.19%,0.18%,0.07%,15.64,7.02,6.39,9.54,6,20457,24219,3696,156.9,1.81,12.42,11794,33,10
,,,,,,,,,,,,,,,,,,,
13,Aurelion Sol,Middle,49.77%,0.84%,0.07%,5.67,6.03,6.52,8.79,7,19516,23736,3178,162.6,1.29,5.67,11329,33,10
,,,,,,,,,,,,,,,,,,,
14,Azir,Middle,49.93%,5.45%,0.64%,4.04,6.41,6.13,6.41,11,21386,18879,2169,177,2.05,10.08,11789,21,3
,,,,,,,,,,,,,,,,,,,
15,Bard,Support,47.86%,5.68%,0.09%,6.21,3.5,6.67,13.57,8,13099,19263,6121,25,0.31,0.34,10087,19,1
,,,,,,,,,,,,,,,,,,,
16,Blitzcrank,Support,53.34%,10.69%,2.51%,5.8,2.8,5.66,13.03,9,9879,22193,3473,38.4,0.25,0.25,9377,4,1
,,,,,,,,,,,,,,,,,,,
17,Brand,Middle,48.88%,1.34%,0.29%,7.23,6.3,6.64,7.67,9,22842,20753,2454,145.8,1.21,6.25,11217,41,5
,,,,,,,,,,,,,,,,,,,
18,Brand,Support,48.19%,3.30%,0.29%,5.98,5.06,7.61,10.05,9,21024,19066,1570,39.6,0.76,1.92,10737,25,5
,,,,,,,,,,,,,,,,,,,
19,Braum,Support,51.75%,5.55%,0.27%,5.21,1.63,5.21,14.85,5,7303,22227,4399,40.8,0.09,0.12,9012,24,1
,,,,,,,,,,,,,,,,,,,
20,Caitlyn,ADC,47.44%,10.79%,0.55%,8.8,6.4,6.44,7.06,11,20062,17759,3018,190.2,1.88,7.46,12476,18,2
,,,,,,,,,,,,,,,,,,,
21,Camille,Jungle,47.31%,0.41%,0.18%,8.94,7.16,6.55,6.84,8,14763,28777,8648,43.8,6.58,61.22,11086,43,0
,,,,,,,,,,,,,,,,,,,
22,Camille,Top,49.30%,2.97%,0.18%,5.38,6.5,6.48,5.62,8,17030,25362,3095,154.3,2.01,3.31,11280,44,4
,,,,,,,,,,,,,,,,,,,
23,Cassiopeia,Middle,46.50%,1.59%,0.09%,5.29,5.74,6.3,6.53,10,18427,21704,6030,165.6,1.82,8.61,11243,44,0
,,,,,,,,,,,,,,,,,,,
24,Cho'Gath,Jungle,49.53%,0.80%,1.28%,4.37,6.03,5.02,7.51,7,13955,39869,11084,47,5.39,67.19,11052,11,3
,,,,,,,,,,,,,,,,,,,
25,Cho'Gath,Top,51.26%,3.02%,1.28%,3.96,5.56,5.03,5.85,9,16199,35253,7222,154.8,1.1,2.56,10879,22,18
,,,,,,,,,,,,,,,,,,,
26,Corki,ADC,50.93%,0.57%,0.08%,5.78,8.46,6.25,7.57,10,23649,21453,3669,179.5,2.49,8.13,12947,6,1
,,,,,,,,,,,,,,,,,,,
27,Corki,Middle,53.38%,3.00%,0.08%,4.93,8.21,5.93,6.6,11,23942,20972,2851,181.2,3.02,10.21,12639,4,0
,,,,,,,,,,,,,,,,,,,
28,Darius,Top,48.07%,5.05%,2.01%,6.41,6,6.1,5.08,9,15830,30529,4955,170.2,1.12,1.79,11244,20,6
,,,,,,,,,,,,,,,,,,,
29,Diana,Jungle,49.02%,1.31%,0.33%,6.33,7.8,6.58,6.71,10,18211,23793,6094,59.3,7.38,71.91,11945,30,0
,,,,,,,,,,,,,,,,,,,
30,Diana,Middle,51.86%,2.93%,0.33%,5.21,8.34,6.87,5.78,12,20771,20556,2149,155.6,3.2,8.99,11891,25,5
,,,,,,,,,,,,,,,,,,,
31,Dr. Mundo,Jungle,50.59%,0.47%,0.06%,4.6,6.01,5.52,7.75,7,16604,37778,14156,53.2,9.13,70.89,11425,16,1
,,,,,,,,,,,,,,,,,,,
32,Dr. Mundo,Top,50.30%,1.41%,0.06%,3.26,4.99,5.32,6.56,9,18738,34580,9252,171.9,1.93,2.57,11231,29,1
,,,,,,,,,,,,,,,,,,,
33,Draven,ADC,49.96%,6.02%,1.20%,8.11,8.14,7.02,6.31,12,21726,20457,3249,181.3,2.58,7.69,13461,9,0
,,,,,,,,,,,,,,,,,,,
34,Ekko,Jungle,47.95%,1.28%,0.23%,13.26,7.28,6.33,7.25,9,17276,29483,10739,65.7,5.66,58.18,11481,35,1
,,,,,,,,,,,,,,,,,,,
35,Ekko,Middle,49.66%,3.75%,0.23%,7.08,7.36,6.53,6.13,10,19376,25263,6448,156.6,1.54,5.07,11590,31,2
,,,,,,,,,,,,,,,,,,,
36,Ekko,Top,47.82%,1.12%,0.23%,9.43,5.7,6.35,5.66,9,17367,25830,6104,162.6,1.34,2.79,11224,49,0
,,,,,,,,,,,,,,,,,,,
37,Elise,Jungle,48.79%,3.61%,0.29%,6.99,6.64,6.01,7.61,10,15029,23199,7681,33.6,6.9,62.96,10721,37,1
,,,,,,,,,,,,,,,,,,,
38,Evelynn,Jungle,50.46%,5.20%,1.72%,6.32,8.8,6.33,7.36,12,18418,25094,7890,26.6,7.5,67.07,11392,7,3
,,,,,,,,,,,,,,,,,,,
39,Ezreal,ADC,55.20%,19.14%,6.74%,8.02,7.99,5.75,8.34,10,26091,19142,2679,182.8,2.29,6.88,13259,1,0
,,,,,,,,,,,,,,,,,,,
40,Fiddlesticks,Jungle,46.55%,1.17%,0.07%,6.3,5.03,6.37,9,7,15015,28422,15099,47,4.26,62.42,10614,46,2
,,,,,,,,,,,,,,,,,,,
41,Fiddlesticks,Middle,52.51%,0.60%,0.07%,17.26,5.93,6.16,8.06,7,19583,18935,5612,147.8,1.62,7.89,11025,34,4
,,,,,,,,,,,,,,,,,,,
42,Fiddlesticks,Support,50.26%,1.18%,0.07%,9.9,3.95,7.38,10.98,9,15974,17912,3408,47.3,0.8,2.29,10333,28,3
,,,,,,,,,,,,,,,,,,,
43,Fiora,Top,47.90%,5.45%,1.60%,6.41,5.98,6.32,4.54,10,16984,27576,7114,172.3,2.48,3.7,11488,26,9
,,,,,,,,,,,,,,,,,,,
44,Fizz,Middle,52.50%,5.11%,1.63%,6,9.25,6.44,5.56,14,19212,21580,2493,146.9,1.31,4.99,11705,10,1
,,,,,,,,,,,,,,,,,,,
45,Galio,Middle,46.09%,1.16%,0.34%,6.29,4.43,6.03,9.29,8,16664,24782,2755,153.8,1.23,5.05,10618,46,1
,,,,,,,,,,,,,,,,,,,
46,Galio,Top,44.36%,1.11%,0.34%,4.94,3.11,5.88,8.67,7,14044,25196,2575,148.5,0.72,2.09,10096,56,1
,,,,,,,,,,,,,,,,,,,
47,Gangplank,Middle,47.90%,1.71%,0.99%,16.44,6.44,6.27,7.68,9,21298,23520,5808,185.3,2.05,6.05,13421,17,3
,,,,,,,,,,,,,,,,,,,
48,Gangplank,Top,49.96%,9.39%,0.99%,9.28,5.68,5.97,7.2,9,20937,23474,5799,195.3,1.67,3.92,13431,1,0
,,,,,,,,,,,,,,,,,,,
49,Garen,Top,51.99%,3.55%,0.20%,3.41,6.12,5.07,4.83,9,17025,30116,1661,166.3,1.74,2.18,11348,24,4
,,,,,,,,,,,,,,,,,,,
50,Gnar,Top,48.68%,5.20%,0.33%,4.18,5.02,5.77,6.7,8,17880,27256,2663,162.4,1.33,2.23,11088,31,7
,,,,,,,,,,,,,,,,,,,
51,Gragas,Jungle,46.43%,2.38%,0.05%,6.48,4.35,5.27,9.31,10,12497,30607,12491,36.8,5.94,65.16,10342,44,1
,,,,,,,,,,,,,,,,,,,
52,Gragas,Middle,46.01%,0.43%,0.05%,14.07,7.13,6.24,6.59,8,19836,24977,7584,141.7,2.04,6.99,11147,45,0
,,,,,,,,,,,,,,,,,,,
53,Gragas,Top,47.57%,0.48%,0.05%,8.45,4.51,5.37,7.05,7,16250,27268,8694,148.6,1.32,3.09,10508,54,0
,,,,,,,,,,,,,,,,,,,
54,Graves,Jungle,47.00%,7.22%,0.14%,6.88,7.09,6.32,6.26,10,17764,23815,7633,65.1,9.97,76.73,12099,29,1
,,,,,,,,,,,,,,,,,,,
55,Hecarim,Jungle,48.81%,5.55%,0.69%,5.26,7.55,6.34,7.92,10,15624,32886,10880,43.4,7.31,72.13,11527,15,2
,,,,,,,,,,,,,,,,,,,
56,Heimerdinger,Middle,54.17%,1.14%,0.11%,7.1,5.64,6.17,6.99,8,24218,17568,1741,171.7,1.18,4.13,11547,22,5
,,,,,,,,,,,,,,,,,,,
57,Heimerdinger,Top,51.83%,1.75%,0.11%,6.05,4.97,6.2,5.86,8,23421,17856,1672,181.8,1.31,2.32,11538,27,8
,,,,,,,,,,,,,,,,,,,
58,Illaoi,Top,51.18%,2.86%,0.23%,5.35,5.19,6.32,4.73,9,22036,31493,7281,192.7,1.35,1.56,11832,16,11
,,,,,,,,,,,,,,,,,,,
59,Irelia,Top,50.99%,4.45%,0.24%,5.91,7.05,5.99,5.12,9,17467,27551,7688,179.8,1.72,2.26,11839,12,4
,,,,,,,,,,,,,,,,,,,
60,Ivern,Jungle,47.32%,0.71%,0.03%,6.53,2.52,4.96,12.14,5,8111,16129,7042,19,9.91,69.61,9684,47,0
,,,,,,,,,,,,,,,,,,,
61,Ivern,Support,40.88%,0.11%,0.03%,17.07,1.81,6.08,12.59,4,7151,18093,3531,18.6,3.08,14.54,9442,33,0
,,,,,,,,,,,,,,,,,,,
62,Janna,Support,53.89%,8.97%,0.69%,8.11,1.69,4.85,15,5,7332,14377,6917,15.6,0.1,0.12,9564,5,1
,,,,,,,,,,,,,,,,,,,
63,Jarvan IV,Jungle,53.88%,11.03%,1.18%,5.51,6.79,5.67,10.84,11,14600,26586,7815,43.4,7.35,66.44,11475,4,1
,,,,,,,,,,,,,,,,,,,
64,Jarvan IV,Top,52.42%,2.38%,1.18%,6.39,6.21,5.81,8.77,10,16901,24274,2850,165.2,1.96,3.5,11576,7,3
,,,,,,,,,,,,,,,,,,,
65,Jax,Jungle,53.07%,3.53%,0.51%,7.18,7.18,5.86,5.85,9,14820,26919,8877,51.3,8.9,71.16,11834,14,4
,,,,,,,,,,,,,,,,,,,
66,Jax,Top,50.09%,4.74%,0.51%,6.05,6.11,6.22,4.36,10,16222,24714,3500,168.8,3.11,4.74,11593,34,0
,,,,,,,,,,,,,,,,,,,
67,Jayce,Middle,51.98%,1.78%,1.04%,9.53,8.25,5.98,6.5,9,22145,20519,2813,167.6,2.54,9.54,12102,7,3
,,,,,,,,,,,,,,,,,,,
68,Jayce,Top,52.31%,5.29%,1.04%,7.29,6.91,5.91,6.06,10,21055,20936,2658,176.9,2.2,4.19,11866,6,1
,,,,,,,,,,,,,,,,,,,
69,Jhin,ADC,49.07%,19.01%,0.19%,9.36,7.61,6.06,8.53,11,21079,17053,3048,180.8,1.5,5.8,12597,7,4
,,,,,,,,,,,,,,,,,,,
70,Jinx,ADC,50.25%,6.97%,0.04%,6.07,7.48,6.54,7.35,10,19758,18268,2981,189.1,2.33,8.62,12846,13,1
,,,,,,,,,,,,,,,,,,,
71,Kalista,ADC,48.06%,4.51%,0.30%,4.86,8.03,6.64,6.46,11,18421,20525,3813,183.9,2.67,8.5,12618,16,1
,,,,,,,,,,,,,,,,,,,
72,Karma,Middle,51.20%,1.17%,0.25%,10.4,4.77,5.25,9.3,8,18019,16677,2516,149.9,1.1,5.48,10647,37,2
,,,,,,,,,,,,,,,,,,,
73,Karma,Support,48.75%,7.94%,0.25%,6.98,2.74,5.85,13.18,8,12642,15943,2599,28.6,0.32,0.53,9693,21,5
,,,,,,,,,,,,,,,,,,,
74,Karthus,Middle,49.89%,0.98%,0.03%,4.71,6.95,6.95,8.67,10,27926,22765,4465,178,2.12,11.55,12277,14,5
,,,,,,,,,,,,,,,,,,,
75,Karthus,Top,50.46%,0.29%,0.03%,10.34,6.13,6.99,7.81,8,26363,22167,4298,187.1,2.45,7.1,12123,11,7
,,,,,,,,,,,,,,,,,,,
76,Kassadin,Middle,49.49%,4.98%,1.39%,5.19,7.65,5.65,5.94,9,19464,23192,3534,153.8,1.49,6.41,11256,27,4
,,,,,,,,,,,,,,,,,,,
77,Katarina,Middle,52.71%,9.58%,2.83%,7.14,10.06,7.16,5.62,11,21798,23294,5317,149.7,1.33,2.82,11963,5,2
,,,,,,,,,,,,,,,,,,,
78,Kayle,Middle,52.59%,0.49%,0.06%,8.38,6.09,6.03,6.58,8,17608,23217,7475,178.8,3.12,10.38,11983,26,4
,,,,,,,,,,,,,,,,,,,
79,Kayle,Top,53.36%,1.50%,0.06%,6.23,5.36,6.08,5.9,9,17791,23332,7251,190.8,3.01,5.98,12060,21,2
,,,,,,,,,,,,,,,,,,,
80,Kayn,Jungle,49.41%,12.74%,2.25%,4.8,8.17,6.76,6.37,12,17594,30631,11913,47.2,9.4,74.43,11909,3,1
,,,,,,,,,,,,,,,,,,,
81,Kennen,Top,49.98%,2.35%,0.09%,4.72,5.44,5.73,6.15,9,19054,19802,2037,169.1,0.91,1.89,11135,36,7
,,,,,,,,,,,,,,,,,,,
82,Kha'Zix,Jungle,50.77%,13.07%,1.62%,7.25,8.95,5.84,5.61,12,17120,28378,11911,37,10.32,71.18,11767,2,1
,,,,,,,,,,,,,,,,,,,
83,Kindred,Jungle,50.97%,4.25%,0.20%,4.13,7.32,6.71,6.89,11,18108,24465,11083,46.5,11.92,67.12,11672,21,2
,,,,,,,,,,,,,,,,,,,
84,Kled,Top,49.41%,1.78%,0.11%,6.92,5.98,5.74,7.13,9,16895,33154,2983,155.5,1.75,2.72,11277,38,7
,,,,,,,,,,,,,,,,,,,
85,Kog'Maw,ADC,51.44%,3.68%,0.23%,4.73,8.22,6.94,6.83,10,24149,19700,3407,184.9,2.14,9.55,12988,8,2
,,,,,,,,,,,,,,,,,,,
86,LeBlanc,Middle,49.01%,4.20%,0.81%,5.78,7.92,5.75,6.14,11,18995,20290,4606,133.7,1.39,5.63,10968,36,2
,,,,,,,,,,,,,,,,,,,
87,Lee Sin,Jungle,49.05%,22.29%,1.21%,11.93,7.15,6.16,8.08,10,13649,28400,7901,34.8,9.13,64.33,11192,6,0
,,,,,,,,,,,,,,,,,,,
88,Leona,Support,55.30%,13.05%,2.70%,5.18,2.52,5.62,14,6,8258,21463,3762,42.8,0.09,0.12,9387,1,4
,,,,,,,,,,,,,,,,,,,
89,Lissandra,Middle,50.26%,1.34%,0.03%,3.91,5.54,6.21,8.22,8,18984,21421,3224,174.4,1.42,5.7,11409,29,3
,,,,,,,,,,,,,,,,,,,
90,Lissandra,Top,49.77%,0.66%,0.03%,5.28,4.61,6,7.4,8,18419,21474,3248,185,1.16,2.87,11363,35,10
,,,,,,,,,,,,,,,,,,,
91,Lucian,ADC,48.22%,10.47%,0.16%,9.62,7.81,6.29,6.79,12,20261,20386,3473,192.1,2.57,8.35,12935,11,1
,,,,,,,,,,,,,,,,,,,
92,Lucian,Middle,44.78%,1.58%,0.16%,16.33,6.88,6.48,5.68,9,19344,21375,2770,178.7,2.76,9.73,12008,42,1
,,,,,,,,,,,,,,,,,,,
93,Lulu,Support,52.38%,10.13%,2.11%,7.71,1.91,5.21,14.57,6,7055,14233,2232,17.5,0.14,0.18,9294,8,6
,,,,,,,,,,,,,,,,,,,
94,Lux,Middle,52.67%,5.72%,0.08%,5.63,6.46,5.46,8.92,9,20894,14604,1163,154.7,0.92,4.73,11363,11,3
,,,,,,,,,,,,,,,,,,,
95,Lux,Support,49.20%,3.72%,0.08%,7.54,4.58,6.36,11.75,10,17238,14358,1239,44,0.48,1.03,10630,15,4
,,,,,,,,,,,,,,,,,,,
96,Malphite,Top,52.85%,3.65%,0.13%,4.25,4.87,4.77,7.95,11,16925,21257,1898,158.8,1.07,2.14,10920,17,8
,,,,,,,,,,,,,,,,,,,
97,Malzahar,Middle,55.78%,6.62%,3.16%,7.51,5.67,5.61,7.56,8,20438,15936,1146,186.3,1.94,7.94,11857,2,0
,,,,,,,,,,,,,,,,,,,
98,Malzahar,Top,54.39%,1.01%,3.16%,16.34,5,5.88,6.72,8,20124,16487,1158,194.3,1.8,4.14,11860,5,0
,,,,,,,,,,,,,,,,,,,
99,Maokai,Jungle,52.69%,1.23%,0.47%,5.76,3.95,5.01,11.07,7,13581,35447,15048,42.1,5,58.27,10311,17,2
,,,,,,,,,,,,,,,,,,,
100,Maokai,Top,53.80%,5.53%,0.47%,4.52,3.56,4.64,9.07,7,16186,32749,11579,154,0.76,1.23,10390,8,2
,,,,,,,,,,,,,,,,,,,
101,Master Yi,Jungle,49.29%,6.95%,0.66%,5.77,8.35,6.94,4.64,10,16468,27897,8796,60.7,8.95,75.27,12320,20,0
,,,,,,,,,,,,,,,,,,,
102,Miss Fortune,ADC,55.05%,12.62%,1.18%,6.14,8.28,6.1,7.92,11,23167,18490,2931,184.6,1.51,5.18,12848,2,1
,,,,,,,,,,,,,,,,,,,
103,Miss Fortune,Support,45.31%,2.46%,1.18%,6.3,4.09,6.78,10.64,7,18194,16991,1354,47.8,0.46,0.91,10582,27,0
,,,,,,,,,,,,,,,,,,,
104,Mordekaiser,Top,48.56%,0.97%,0.03%,6.14,5.14,6.65,5.52,9,19162,18361,10302,171,1.96,3.5,11220,51,2
,,,,,,,,,,,,,,,,,,,
105,Morgana,Middle,52.67%,1.28%,0.54%,8.04,5.23,5.05,9.55,7,19123,19787,1573,159.1,1.04,4.88,11179,19,7
,,,,,,,,,,,,,,,,,,,
106,Morgana,Support,48.89%,5.89%,0.54%,5.62,2.93,6.13,14.1,8,13068,18089,2060,29,0.28,0.46,10084,16,1
,,,,,,,,,,,,,,,,,,,
107,Nami,Support,53.54%,8.91%,0.09%,8.85,2.12,5.19,15.61,5,9204,15266,11805,13.6,0.1,0.12,9449,3,4
,,,,,,,,,,,,,,,,,,,
108,Nasus,Top,50.10%,5.03%,0.39%,3.98,4.85,5.36,5.27,8,16807,31596,1192,181,1.62,2.96,11408,19,11
,,,,,,,,,,,,,,,,,,,
109,Nautilus,Jungle,46.61%,0.40%,0.03%,7.56,3.82,5.41,10.07,6,11133,25031,5449,41.7,3.61,53.71,9932,48,0
,,,,,,,,,,,,,,,,,,,
110,Nautilus,Support,50.37%,1.86%,0.03%,6.62,2.42,5.87,12.97,6,9718,21659,3834,46.6,0.18,0.43,9307,30,1
,,,,,,,,,,,,,,,,,,,
111,Nautilus,Top,49.83%,0.82%,0.03%,5.48,3.58,5.19,8.83,6,14064,23545,1991,150.2,0.67,1.46,10321,50,1
,,,,,,,,,,,,,,,,,,,
112,Nidalee,Jungle,48.17%,4.12%,0.14%,5.31,7.18,5.98,7.39,9,16153,26692,13819,37.4,10.97,73.77,11324,27,3
,,,,,,,,,,,,,,,,,,,
113,Nocturne,Jungle,50.62%,2.65%,0.06%,4.84,7.9,6.09,6.42,10,15944,27797,10117,51.2,7.75,77.35,12032,24,2
,,,,,,,,,,,,,,,,,,,
114,Nunu,Jungle,46.50%,0.81%,0.02%,4.31,3.44,5.44,10.02,7,9443,34578,13715,39.3,8.99,60.31,10146,45,1
,,,,,,,,,,,,,,,,,,,
115,Nunu,Support,38.64%,0.23%,0.02%,7.14,3.01,7.4,12.01,6,10540,23508,4888,38.1,1.03,3.33,9440,34,2
,,,,,,,,,,,,,,,,,,,
116,Nunu,Top,40.56%,0.31%,0.02%,5.44,4.39,6.71,7.02,8,16137,27507,8125,139,1.61,3.28,10321,57,0
,,,,,,,,,,,,,,,,,,,
117,Olaf,Jungle,46.79%,0.71%,0.04%,4.52,6.26,5.88,7.46,7,14799,34077,9359,51.1,7.67,68.46,11341,39,1
,,,,,,,,,,,,,,,,,,,
118,Olaf,Top,48.78%,1.20%,0.04%,5.39,6.05,6.19,5.66,11,17903,27886,3957,165.6,2.25,2.94,11316,46,4
,,,,,,,,,,,,,,,,,,,
119,Orianna,Middle,51.31%,7.25%,0.23%,6.83,5.63,5.52,8.87,10,18706,16327,1701,172.5,1.84,9.1,11507,13,0
,,,,,,,,,,,,,,,,,,,
120,Ornn,Top,51.25%,8.03%,2.86%,1.55,4.5,5.12,8.45,8,17726,25556,2096,159.9,0.8,1.49,10730,3,2
,,,,,,,,,,,,,,,,,,,
121,Pantheon,Jungle,50.62%,1.05%,0.96%,9.03,7.93,6.24,7.02,10,16111,23526,6628,49.8,5.27,55.02,11254,26,10
,,,,,,,,,,,,,,,,,,,
122,Pantheon,Top,52.81%,3.70%,0.96%,6.28,7.91,6.33,5.79,10,19563,20554,2479,148.5,1.34,2.59,11460,13,10
,,,,,,,,,,,,,,,,,,,
123,Poppy,Jungle,49.05%,0.36%,0.02%,7.52,5.43,5.23,8.37,10,13446,27377,6340,41.9,6.22,61.32,10715,41,1
,,,,,,,,,,,,,,,,,,,
124,Poppy,Support,48.81%,0.34%,0.02%,7.45,3.3,5.69,10.87,7,10530,22351,3858,48.2,0.57,1.55,9503,32,1
,,,,,,,,,,,,,,,,,,,
125,Poppy,Top,49.01%,1.54%,0.02%,4.46,4.39,4.9,7.06,8,15779,26573,2605,151.8,1.12,1.95,10635,48,2
,,,,,,,,,,,,,,,,,,,
126,Quinn,ADC,49.34%,0.35%,0.05%,9.56,8.74,7.37,7.45,10,20807,20765,3306,161.9,2.25,5.42,12521,15,2
,,,,,,,,,,,,,,,,,,,
127,Quinn,Jungle,48.98%,0.47%,0.05%,8.96,8.34,7.74,7.41,10,18083,24242,6734,50.8,7.28,61.55,11742,40,1
,,,,,,,,,,,,,,,,,,,
128,Quinn,Top,50.94%,1.48%,0.05%,5.93,8.04,7.51,6.16,10,20843,20561,2106,157.6,2.2,3.73,11923,37,0
,,,,,,,,,,,,,,,,,,,
129,Rakan,Support,49.79%,7.36%,0.35%,5.34,1.83,5.68,14.65,5,6963,17684,5335,15.7,0.09,0.13,9547,22,9
,,,,,,,,,,,,,,,,,,,
130,Rammus,Jungle,54.57%,4.82%,1.08%,3.7,5.01,5.44,10.75,8,13352,30382,7244,37.7,5.36,64.49,10661,8,1
,,,,,,,,,,,,,,,,,,,
131,Rek'Sai,Jungle,48.01%,2.21%,0.08%,5.13,6.82,5.84,7.44,9,13215,29936,11410,34.6,8.7,69.75,11156,36,4
,,,,,,,,,,,,,,,,,,,
132,Renekton,Top,47.66%,3.63%,0.16%,5.71,5.21,5.87,5.57,8,15689,31199,6495,177.8,2.36,3.37,11397,41,12
,,,,,,,,,,,,,,,,,,,
133,Rengar,Jungle,47.91%,7.90%,1.17%,5.83,8.23,6.74,5.54,11,16954,28635,10568,44.5,9.96,75.47,11860,13,3
,,,,,,,,,,,,,,,,,,,
134,Rengar,Top,49.82%,1.78%,1.17%,12.85,8.38,7.01,4.79,11,19594,25308,5693,153,4.55,7.27,11889,32,0
,,,,,,,,,,,,,,,,,,,
135,Riven,Top,48.40%,8.10%,0.51%,11.71,6.76,6.27,4.68,11,16410,21899,3125,170.4,2.77,4.63,11609,23,1
,,,,,,,,,,,,,,,,,,,
136,Rumble,Top,48.94%,2.54%,0.07%,5.95,5.5,6.09,7.08,7,20814,21779,1633,167.1,1.18,2.84,11138,33,8
,,,,,,,,,,,,,,,,,,,
137,Ryze,Middle,44.64%,3.58%,0.12%,4.96,5.45,5.69,6.38,9,18561,21150,3980,174,2.34,9.43,11260,43,1
,,,,,,,,,,,,,,,,,,,
138,Ryze,Top,44.70%,1.11%,0.12%,6.69,4.82,6.08,5.6,8,18630,21741,3768,181.8,2.19,5.55,11340,52,0
,,,,,,,,,,,,,,,,,,,
139,Sejuani,Jungle,51.58%,3.35%,0.54%,4.8,4.41,4.76,11.15,6,11640,31536,6780,38,5.77,63.87,10502,18,1
,,,,,,,,,,,,,,,,,,,
140,Shaco,Jungle,52.23%,4.05%,0.25%,8.9,7.88,5.88,6.78,11,15586,25050,7411,47,11.38,66.16,11878,12,1
,,,,,,,,,,,,,,,,,,,
141,Shen,Support,54.10%,0.83%,0.13%,10.76,3.04,5.03,13.75,5,8660,21619,4204,49.3,0.32,0.85,9623,18,0
,,,,,,,,,,,,,,,,,,,
142,Shen,Top,52.07%,5.56%,0.13%,5.06,4.11,4.43,9.69,8,13487,25322,2415,151.1,0.94,1.79,10565,15,6
,,,,,,,,,,,,,,,,,,,
143,Shyvana,Jungle,54.16%,6.55%,0.45%,3.79,6.78,5.02,6.4,9,16195,32100,9049,55.3,11.72,78.94,12170,5,3
,,,,,,,,,,,,,,,,,,,
144,Singed,Top,52.70%,3.54%,0.26%,5.85,4.42,6.44,7.61,8,18897,29093,2220,191.5,1.58,1.22,11439,10,1
,,,,,,,,,,,,,,,,,,,
145,Sion,Support,53.65%,0.55%,0.04%,9.8,3.47,6.5,12.65,7,12828,28398,16233,59.1,0.56,1.03,10059,11,3
,,,,,,,,,,,,,,,,,,,
146,Sion,Top,52.81%,2.61%,0.04%,5.71,4.53,5.37,8.19,9,17029,-30546,14794,169.1,1.2,1.49,11124,42,30
,,,,,,,,,,,,,,,,,,,
147,Sivir,ADC,49.43%,3.01%,0.02%,3.58,6.45,6.07,8.3,8,20081,18272,3466,210.4,2.37,7.88,13110,12,3
,,,,,,,,,,,,,,,,,,,
148,Skarner,Jungle,49.29%,0.72%,0.01%,4.32,4.66,5.27,8.6,6,10630,26704,7171,38.1,7.55,73.26,10825,42,1
,,,,,,,,,,,,,,,,,,,
149,Sona,Support,54.34%,8.76%,0.73%,6.64,3.11,6.21,14.2,8,12661,16631,10597,17.6,0.24,0.4,9849,2,1
,,,,,,,,,,,,,,,,,,,
150,Soraka,Support,52.35%,6.96%,0.90%,6.4,1.1,5.53,14.97,4,5941,13656,20433,15,0.07,0.15,9243,6,2
,,,,,,,,,,,,,,,,,,,
151,Swain,Middle,49.41%,0.62%,0.05%,9.81,5.56,5.92,7.69,7,21372,28701,10154,158.8,1.35,6.42,11045,40,7
,,,,,,,,,,,,,,,,,,,
152,Swain,Top,50.33%,1.31%,0.05%,7.66,4.59,5.69,7.07,8,21145,28969,10300,171.8,1.25,3.16,11144,30,4
,,,,,,,,,,,,,,,,,,,
153,Syndra,Middle,46.91%,3.98%,0.34%,5.62,6.21,6.41,6.27,10,19508,17629,1768,173.6,1.61,7.85,11522,39,2
,,,,,,,,,,,,,,,,,,,
154,Tahm Kench,Support,49.73%,2.38%,0.13%,4.49,2.8,5.31,11.85,6,9762,24930,6234,44.8,0.21,0.35,9248,29,3
,,,,,,,,,,,,,,,,,,,
155,Tahm Kench,Top,49.21%,1.23%,0.13%,7.11,5.33,5.16,7.04,7,16496,31396,5920,146.3,1.04,1.64,10753,43,4
,,,,,,,,,,,,,,,,,,,
156,Taliyah,Middle,50.06%,2.74%,0.04%,5.88,6.39,6.38,8,8,21671,19518,2387,167.4,1.9,8.15,11541,28,12
,,,,,,,,,,,,,,,,,,,
157,Talon,Middle,51.33%,3.13%,0.43%,6.49,9.4,6.91,5.62,11,20760,23452,3949,160.7,2.34,5.23,12218,15,4
,,,,,,,,,,,,,,,,,,,
158,Talon,Top,51.14%,0.75%,0.43%,11.56,8.46,6.71,4.92,9,20402,23074,3815,168.7,2.13,2.87,12038,28,0
,,,,,,,,,,,,,,,,,,,
159,Taric,Support,55.00%,3.30%,0.09%,4.94,1.67,4.71,14.53,4,5922,19705,10293,42,0.12,0.16,8981,13,1
,,,,,,,,,,,,,,,,,,,
160,Teemo,Support,51.19%,2.14%,1.92%,14.37,5.32,7.31,9.27,9,23636,18668,1837,42.9,1.22,1.56,10965,9,0
,,,,,,,,,,,,,,,,,,,
161,Teemo,Top,54.26%,8.34%,1.92%,6.17,5.78,6.24,5.68,10,25323,20739,3134,175.2,2.26,2.92,11769,2,0
,,,,,,,,,,,,,,,,,,,
162,Thresh,Support,50.07%,16.99%,0.84%,10.62,2.41,5.84,14.53,6,8263,20702,2906,31,0.11,0.12,8972,7,1
,,,,,,,,,,,,,,,,,,,
163,Tristana,ADC,51.14%,12.96%,0.94%,4.76,8.04,5.85,6.34,12,19800,18924,3383,189,2.5,8.46,12923,5,0
,,,,,,,,,,,,,,,,,,,
164,Trundle,Jungle,49.59%,0.65%,0.04%,5.75,5.58,5.26,8.02,7,12903,34480,15680,48.6,7.44,65.49,11140,34,1
,,,,,,,,,,,,,,,,,,,
165,Trundle,Top,49.19%,1.81%,0.04%,3.9,4.37,5.25,6.21,7,14373,32475,10264,168.3,2.03,2.89,11043,45,7
,,,,,,,,,,,,,,,,,,,
166,Tryndamere,Jungle,49.87%,0.58%,0.13%,13.07,6.25,5.79,5.47,9,14440,34525,14193,71.6,10.99,72.63,12186,25,1
,,,,,,,,,,,,,,,,,,,
167,Tryndamere,Top,48.97%,2.19%,0.13%,6.62,5.52,6.07,4.14,10,15716,30683,7935,190.3,6.07,7.03,12198,40,4
,,,,,,,,,,,,,,,,,,,
168,Twisted Fate,Middle,52.55%,4.59%,0.16%,6.17,5.75,6.03,8.17,11,18249,19647,2584,160.2,1.39,7.22,11867,23,4
,,,,,,,,,,,,,,,,,,,
169,Twitch,ADC,53.19%,7.13%,1.22%,6.58,9.25,6.58,7.19,13,22055,19122,3081,178.2,2.55,8.73,13131,3,1
,,,,,,,,,,,,,,,,,,,
170,Twitch,Jungle,48.79%,2.35%,1.22%,9.92,8.9,7.28,7,12,19025,23276,6464,57.2,6.71,65.77,12226,19,2
,,,,,,,,,,,,,,,,,,,
171,Udyr,Jungle,52.79%,4.69%,0.42%,3.74,6.7,5.71,5.81,8,13295,28645,9744,48,11.92,73.97,11795,10,4
,,,,,,,,,,,,,,,,,,,
172,Udyr,Top,46.24%,0.62%,0.42%,8.16,5.07,6.28,4.28,8,13786,26603,4762,161.3,4.21,5.84,11275,55,1
,,,,,,,,,,,,,,,,,,,
173,Urgot,Top,51.29%,3.26%,0.56%,3.89,6.66,5.58,5.54,9,18353,24463,2860,170.2,1.45,2.42,11686,14,3
,,,,,,,,,,,,,,,,,,,
174,Varus,ADC,49.35%,8.70%,0.09%,5.72,7.17,6.31,7.6,10,19777,18060,3193,188.2,2.12,8.06,12681,14,2
,,,,,,,,,,,,,,,,,,,
175,Vayne,ADC,51.59%,26.64%,2.69%,8.22,8.58,6.72,5.8,12,20478,19777,3398,184,2.37,7.97,12897,4,0
,,,,,,,,,,,,,,,,,,,
176,Veigar,Middle,53.24%,3.97%,0.27%,4.5,7.71,6.17,6.35,10,21197,17659,1656,172.3,1.58,6.57,12030,8,2
,,,,,,,,,,,,,,,,,,,
177,Veigar,Support,48.37%,1.21%,0.27%,7.59,5.81,7.24,9.51,8,17028,17476,1434,53.8,0.8,2.11,10995,26,2
,,,,,,,,,,,,,,,,,,,
178,Vel'Koz,Middle,52.24%,2.12%,0.09%,8.48,6.75,6,7.85,8,23762,17092,1773,162.2,1.15,5.42,11612,18,3
,,,,,,,,,,,,,,,,,,,
179,Vel'Koz,Support,48.90%,1.95%,0.09%,9.42,5.07,6.76,10.29,8,21396,16836,1411,46.7,0.63,1.45,10902,17,5
,,,,,,,,,,,,,,,,,,,
180,Vi,Jungle,52.10%,5.36%,0.09%,4.95,7.13,6.18,7.12,9,14935,25226,6997,40.9,7.71,72.76,11563,23,8
,,,,,,,,,,,,,,,,,,,
181,Viktor,Middle,47.58%,2.44%,0.03%,5.56,6.09,6.01,6.49,9,21304,16957,1616,178,1.73,8.6,11601,35,4
,,,,,,,,,,,,,,,,,,,
182,Vladimir,Middle,51.08%,3.21%,1.08%,6.72,6.36,5.81,6.32,9,21967,28678,20267,173.6,1.42,3.32,11369,20,4
,,,,,,,,,,,,,,,,,,,
183,Vladimir,Top,49.16%,2.81%,1.08%,7.62,5.15,5.81,5.74,9,20800,28781,20403,179.4,1.25,2.43,11204,18,3
,,,,,,,,,,,,,,,,,,,
184,Volibear,Jungle,48.09%,0.73%,0.02%,4.28,6.03,5.66,8.19,8,13384,34266,7137,44.1,5.83,64.29,10985,38,1
,,,,,,,,,,,,,,,,,,,
185,Volibear,Top,48.22%,0.41%,0.02%,5.03,5.64,5.63,6.08,7,15487,31976,2561,151.8,1.71,2.63,10947,53,6
,,,,,,,,,,,,,,,,,,,
186,Warwick,Jungle,53.48%,5.21%,0.37%,5.7,7.38,6.22,7.62,8,13814,35555,16145,41.3,7.79,66.14,11494,9,3
,,,,,,,,,,,,,,,,,,,
187,Wukong,Jungle,51.39%,1.64%,0.11%,6.62,8.22,6.07,6.71,10,17489,26114,8471,49.3,6.75,68.24,11842,22,3
,,,,,,,,,,,,,,,,,,,
188,Wukong,Top,52.88%,1.97%,0.11%,7.03,7.86,6.11,5.56,10,19542,21778,2655,157.1,1.66,3.04,11745,25,8
,,,,,,,,,,,,,,,,,,,
189,Xayah,ADC,49.60%,11.04%,1.28%,5.48,7.31,6.17,6.88,11,20495,18328,3189,192,2.41,8.49,12783,10,2
,,,,,,,,,,,,,,,,,,,
190,Xerath,Middle,54.41%,4.33%,0.23%,5.41,6.7,5.16,8.54,8,24668,15142,1491,173.3,1.28,7.15,11822,3,2
,,,,,,,,,,,,,,,,,,,
191,Xerath,Support,50.53%,2.16%,0.23%,12.29,4.89,6.01,10.96,8,20646,15050,1122,48.2,0.63,1.49,10823,12,2
,,,,,,,,,,,,,,,,,,,
192,Xin Zhao,Jungle,55.28%,7.34%,1.40%,4.14,7.32,6,6.9,10,16545,30865,13490,43.5,9.16,69.04,11666,1,6
,,,,,,,,,,,,,,,,,,,
193,Yasuo,Middle,48.09%,8.78%,3.90%,11.26,7.06,7.56,5.25,10,-977,21673,2187,177.5,3.91,6.61,12087,32,14
,,,,,,,,,,,,,,,,,,,
194,Yasuo,Top,48.19%,10.31%,3.90%,10.92,6.09,7.36,4.61,10,17265,22053,2148,190.5,3.68,5.6,12107,4,1
,,,,,,,,,,,,,,,,,,,
195,Yorick,Top,54.43%,3.45%,0.36%,5.72,4.77,5.37,4.88,7,18862,27535,5726,185.8,1.42,1.69,11485,9,4
,,,,,,,,,,,,,,,,,,,
196,Zac,Jungle,48.87%,2.44%,0.22%,5.64,4.24,4.56,11.41,8,11685,35168,26316,37,4.73,63.42,10336,28,1
,,,,,,,,,,,,,,,,,,,
197,Zed,Middle,51.29%,13.63%,6.12%,6.7,9.53,6.58,5.35,12,21641,21193,3350,163.1,1.79,4.55,12247,1,0
,,,,,,,,,,,,,,,,,,,
198,Ziggs,Middle,52.71%,2.21%,0.03%,5.1,6.03,5.81,7.67,8,24139,16384,1477,177.4,1.55,7.27,11901,12,3
,,,,,,,,,,,,,,,,,,,
199,Zilean,Middle,53.13%,0.87%,0.07%,8.4,4.05,4.62,10.05,7,16666,19443,8047,165.4,1.1,5.5,10876,24,1
,,,,,,,,,,,,,,,,,,,
200,Zilean,Support,50.17%,1.89%,0.07%,7.05,2.84,5.53,13.17,6,12269,16969,6541,41.2,0.37,0.69,10184,20,5
,,,,,,,,,,,,,,,,,,,
201,Zoe,Middle,48.65%,25.08%,7.21%,NaN,7.23,7.46,6.91,11,22499,18498,2098,135.7,0.99,4.41,10986,6,0
,,,,,,,,,,,,,,,,,,,
202,Zoe,Support,43.77%,6.89%,7.21%,NaN,5.01,8.28,9.48,11,18520,17989,1801,38.2,0.53,1.38,10383,10,0
,,,,,,,,,,,,,,,,,,,
203,Zyra,Support,48.93%,3.40%,0.13%,7.06,3.92,6.92,10.96,7,20031,16857,1349,41.3,0.53,1.12,10636,23,2
